"Timestamp","What is your name?","Why do you want to join Tech Ahoy","How did you get to know about Tech Ahoy and suggest some ideas to make this recruitment more effective and reach the public","Your contact no:","Your E-mail Id:","Your Facebook ID","Which year are you from?","Are you a student of Manipal University?","How much time will you be able to spend per week for this?"
"2012/02/12 6:20:05 pm GMT","RAHUL SINGH","PUBLICITY and ADVERTISING has always been a passion for me. I Love experimenting with new kind of things, be it my blogs or some other site. I own 2 FACEBOOK PAGES and i love updatig and publicizing them, and it feels good when it works!! Seeing the no. of likes increasing for my PAGE makes me feel the BEST..
and TECH AHOY is a nice platform for me to learn and do something new. BEST PART IS THAT IT IS ALSO GOING TO GIVE EFFECTIVE TRAINING, and it can be a plus point for all.. I WOULD LUV TO JOIN HANDS WITH TECH AHOY TEAM..!!"," I got to know about TECH AHOY through banners posted in  my HOSTEL NOTICE BOARD and then i followed the web-address to get the more info..
TECH AHOY can also reach public through MANIPAL - ION login page and can make the announcement over there.. ALSO  FB fanPAGE kind of thing always works if it is regularly updated.","8884291933","rahul8793@gmail.com","http://www.facebook.com/rrahuls","1st year","yes","20hrs "
"2012/02/17 4:14:50 pm GMT","Baljeet Singh Sahney","i want to join tech ahoy to gain experience and improve my CV.","I got to know about it from a friend.","9035111312","bssahney93@gmail.com","baljeetsingh_sahney@yahoo.com","1st year","yes","3/4/2012"
"2012/02/17 4:15:04 pm GMT","Baljeet Singh Sahney","i want to join tech ahoy to gain experience and improve my CV.","I got to know about it from a friend.","9035111312","bssahney93@gmail.com","baljeetsingh_sahney@yahoo.com","1st year","yes","3/4/2012"