"Timestamp","Your Name","Which year are you from","Mobile Number","Your E-mail ID","Field(s) of Interest","Why do you want to join Tech Ahoy as a mentor?","Please mention the work(s) you have done in the respective category you have selected above","How much time can you spare per week?","Your Facebook ID","Anything else you would like to add/ask us"
"2012/08/22 11:00:03 am GMT","Daniel Dsouza","2nd year","9008755216","daniel2003bh@gmail.com","Web Development","Mostly for the experience","Nothing major and complete
Only minor broken stuff","about 5-7 hours","Daniel Dsouza",""
"2012/08/22 1:06:37 pm GMT","B.M.Ashok","3rd year","9620456835","ashokbugude@gmail.com","Software Development in JAVA","- enjoy and are enthusiastic about being mentor
- recognize excellence in others and encourage it
- able to role-play others and understand their views","Done a project for 4 weeks on 'PAPERLESS HOSPITAL SERVICE'
using JDBC connectivity with the help of Ecllipse and PostgreSQL 
which is certified by our college... the project can be shown on my System.

Participated in TGMC but coudnt qualify in 1st round","as much as u desire except college working hours(cannot bunk classes)","ashok.bugude@facebook.com","do we need to be mentor even during vacations after end sem.. or can we go home ?"
"2012/08/22 2:13:30 pm GMT","Shaurya Gupta","2nd year","8951389844","shaurya.mit92@gmail.com","I know Oracle 10g (dbms)","As i know that i know this particular subject , which i studied in my holidays  
as well as  i know  about Java , Web developement using Tomcat server or Net beans ","I have learnt Java , Oracle , Advanced Java during my holidays","I can spare 4-5 hrs per week ","",""
"2012/08/22 2:44:00 pm GMT","Abhishek Soni","2nd year","9738688738","abhishekrockzz007@gmail.com","Web based Hacking & Security","To improve my skills and excel in the field by trying different problems, which usually comes by teaching it to others.","Undertook ethical hacking course provided by Innobuzz.","4","https://www.facebook.com/splendid.abhi",""
"2012/08/22 5:05:25 pm GMT","Pulkit Chaudhary","3rd year","9535679808","pulkitchaudhary93@yahoo.com","Web Development","It will give me experience in the field i am interested in. Moreover, it is a nice habit to teach others. It enhances your own knowledge. It will also be a pleasure and a learning experience to work with Tech Ahoy which is a fast growing organisation in Manipal.","1. Completed Web Development course in Nettech and completed the project successfully. I have the certificate for the same.
2. Experienced in HTML,PHP,CSS,Javascript.
3. Have knowledge about SQL Injection.
4. Completed a web application project under Nettech.
5. Currently working on another Web application.
","15-20 hours","pa669",""
"2012/08/22 5:19:34 pm GMT","Akshansh Srivastava","2nd year","9035202402","akshansh04@gmail.com","Graphic Designing using Adobe Photoshop or Adobe Indesign or Adobe Illustrator;2D Animation using Adobe Flash or Adobe After Effects;Software Development in JAVA;Web based Hacking & Security;Web Development","To inculcate and expand my creativity, leading and technical skills.A platform to make a base so that it helps me in future .","I m an Arena certified Web developer n designer, 2-Danimator.
i have done web development by coding HTML n CSS.moreover i know working on  Adobe Dreamweaver too which helps me designing my page effectively. I know Flash Cs5 too ;2d animation and photoshop also.
I m a IIT-B in collab.  MU certified Level-1 hacker also. I m also intersted in Software dev. ","7 Days! Web n soft. r my interests!!","akshansh.mit@gmail.com","I dont know software dev and app dev much. But i would really be thankful if u allow me to work in that category too. As i hve got a lot interest in these categories too."
"2012/08/22 6:59:02 pm GMT","rohit","2nd year","9740309492","contactrohit93@gmail.com","Software Development in JAVA","i have heard a lot about this group...that this is the most successful club in the MIT....and even one of my sister has joined this club","learnt java from NIIT","2 days","redmonesterrohit@gmail.com",""
"2012/08/22 7:06:03 pm GMT","Ratan Phayade","2nd year","9902121143","ratanphayade@gmail.com","Software Development in JAVA;Web Development","I have interested in programming and I think this club can help me to explore more thing about the same...........","Developed Some application using java..... 

I have developed web sites and web based application in PHP, J2EE.
and know to use css, javascript, ajax, jquery efficiently","3 Days","https://www.facebook.com/ratanphayade",""
"2012/08/23 6:40:15 am GMT","Naman Agarwal","3rd year","9535270631","naman.zx123@gmail.com","Graphic Designing using Adobe Photoshop or Adobe Indesign or Adobe Illustrator","It ll be a good practice for me as well and because i like teaching.","I did an internship in Malaga, Spain through IAESTE where i had to design a catalogue using all the 3 above mentioned softwares. Furthermore, I have designed posters, web pages and logos for some clubs like RoboManipal and VSO. ","depends which month it starts.","http://www.facebook.com/naman.agarwal.7","I would like to know when it ll start from. Also, would i be legible to learn any of the other mentioned programs/softwares considering i am in the 3 rd year."
"2012/08/23 9:35:15 am GMT","Soumitra Sarkar","2nd year","9740526769","soumitra.cute@yahoo.com","Graphic Designing using Adobe Photoshop or Adobe Indesign or Adobe Illustrator;Software Development in JAVA;Visual studio;Oracle 10G;8i;My SQL","Wnat to learn some special technics to implement security.","Create databade for The companies on oracle 10G and software for cyber managemnet systems.","5 hrs","soumitra.cute@facebook.com",""
"2012/08/23 12:38:04 pm GMT","Akshay Thapa","3rd year","9535270256","justcrazyballs@yahoo.com","Application Development in Android or Windows 7 Phone or IOS or Blackberry;Software Development in JAVA","Joining Tech Ahoy as a mentor would help me improve my leadership skills and will help me remain in touch with the development stuff. Plus I think it would be much better if I'll be able to actually produce something using my knowledge and work with other people who are also interested in the same field.","Java : I have developed simple applications like calculator, biodata generator, a simple ball game etc,, All this was done using concepts of applets, awt n swing (part of our coursework in 4th sem).

Android : I havent actually developed something decent in Android (just a couple of apps like temperature converter). Although i have a fair knowledge about the Android SDK and am studying more about it nowadays. ","7-10 hours","https://www.facebook.com/axayyy",""
"2012/08/23 4:03:27 pm GMT","Akshay Karanjkar ","2nd year","9035167425","ishaan.karanjkar@gmail.com","Software Development in JAVA","I want to strengthen my programming knowledge and teaching others will surely help to do so. I'm also fond of explaining concepts that I like.","I have practiced programming in Java and completed a project. The project was to make a simple text editor.","6-7 hours","akshay.karanjkar.14",""
"2012/08/23 6:18:17 pm GMT","Amani Singh","2nd year","8277166344","emussingh@gmail.com","magazine development","basically love to write and wish to be a part of the team","none","2 to 3 hours a day","https://www.facebook.com/amanuamy",""
"2012/08/24 7:05:31 am GMT","Shivin","3rd year","9035194647","gopalanishivin@gmail.com","Software Development in JAVA","For gaining knowledge and sharing knowledge as well as for experience","JAVA Project on Paperless Hospital Service","14 hours","shivin.gopalani@facebook.com",""
"2012/08/24 12:59:08 pm GMT","Partho Bhattacharya","2nd year","9886631408","mailingpartho@gmail.com","c c++","I want to join tech ahoy basically to learn the different languages and designing softwares. ","Nothing special","5 hrs","parthob2","I dont know any programing language other than c++ but i am eager to learn"
"2012/08/25 2:19:03 pm GMT","Payal Agarwal","2nd year","9035112435","payal_agrawal_03@yahoo.in","Software Development in JAVA","The club is great...","I have designed a quiz competition in Net Beans IDE","10 hours","payal.agarwal.75@fac​ebook.com",""