"Timestamp","What is your name?","Do you own or write for any blogs. If yes, give the address of the same.","Your mobile number","Your E-mail ID","Your facebook ID","Why would you like to work for the Tech Ahoy Magazine?","How much time will you be able to spend for this per week?","Are you from Manipal University?","Which year are you from?"
"2012/02/12 6:09:10 pm GMT","RAHUL SINGH","Yes i do own a blog.

www.engine-ear-ring.blogspot.com","8884291933","rahul8793@gmail.com","","Design and Development has always been a passion for me. I Love experimenting with new kind of things, be it my blogs or some other site. Though i am not too good in programming skills, but i  have tried making new blogs and websites without using them. 
and TECH AHOY is a nice platform for me to learn and do something new. BEST PART IS THAT IT IS ALSO GOING TO GIVE EFFECTIVE TRAINING, and it can be a plus point for all..","20hrs ","yes","1st year"
"2012/05/02 1:49:15 pm GMT","N.Vignesh","ManipalBlog.com","9035113887","nvignesh93@ymail.com","www.facebook.com/N.vignesh","It is a really nice intiative and i would like to be a part of it","10","yes","1st year"
"2012/05/02 5:19:13 pm GMT","Srikanth Chintakindi","http://www.sinivaali.blogspot.com
http://www.kaavyakusumaalu.blogspot.com","9000425007","omsri2k2@gmail.com","omsri2k2@gmail.com","To rejuvenate my writing skills and to enhance my technical knowledge","3-6 hours","no","none of these"
"2012/05/03 9:00:47 am GMT","Rajeswari Krishnakumar","No.....","919445743574","krajeswaribtech@gmail.com","Rajeswari Krishnakumar","I am always a techie nerd and I would love to feed on a lot of technical stuff here and there!!
Also I am good in my writing skills. So I would be happy to work for Tech Ahoy magazine where I can put both the above skills to play......

And I have to say this magazine is simply superb!! you guys are rocking......!!!!","10","no","4th year"