"Timestamp","Your Name","Mobile No","E-mail ID","Your Facebook ID","Which year do you belong to?","Which category would you like to join?","USE THIS FIELD ONLY IF YOU WANT TO JOIN MULTIPLE CATEGORIES (OPTIONAL)","Why do you want to join Tech Ahoy?","How much time can you spend per week for this?","If there is anything you would like to ask us/add put it here"
"2012/10/05 4:20:59 am GMT","Himanshu Khatri","9740445448","himanshu4x12@gmail.com","himanshu4x12@gmail.com","1st year","2D & 3D Animation using Blender, Adobe After Effects, Adobe Flash","photoshop","i like makin digital videos.learn n try","depends",""
"2012/10/06 4:21:28 am GMT","hasnain ali","8095049328","hasnainali69@gmail.com","hasnainali69@gmail.com","3rd year","Web Development & SEO using HTML, CSS, Javascript,JQUERY PHP, MySQL, AJAX","cartooning","Highly motivated by the work done.","4 hours","Can you please explain what cartooning work actually is?"
"2012/10/06 5:48:37 am GMT","ANKIT KUMAR GUPTA","8147918829","RAJ.ARYANDWINNER@GMAIL.COM","","2nd year","Marketing, Finance & Publicity","","I WANT TO DO SOME WORK IN FIELD OF MARKETING THAT WILL BE GOOD FOR MY MBA.","DEPENDS LIKE 1-2 HOURS DAILY",""
"2012/10/06 6:18:19 am GMT","v.v.s.lalith","9035164704","v.v.s.lalith@gmail.com","lalith vuddagiri","2nd year","Marketing, Finance & Publicity","magazine development","im interested in management work ","4 hours",""
"2012/10/06 7:32:33 am GMT","MRINAL SINGH","8123725996","mrinalsinghms@gmail.com","mrinal.singh.794@facebook.com","2nd year","2D & 3D Animation using Blender, Adobe After Effects, Adobe Flash","","I WANT TO JOIN THIS BECAUSE I WANT TO IMPROVE MY FIELD OF KNOWLEDGE AND THERE HAS ALWAYS BEEN AN INTEREST IN ANIMATION ","DAILY-2-3Hr",""
"2012/10/06 12:06:25 pm GMT","Ankush Gupta","9035125254","ankushguptaleo@gmail.com","ankushguptaleo@facebook.com","2nd year","Magazine Development","","I am really interested to know and learn how stuff is done and would like to if i can contribute to the effort","15 hrs ",""
"2012/10/06 12:32:28 pm GMT","Prathik Bagrodia","9008745875","bagrodiaprathik@gmail.com","","2nd year","Web Development & SEO using HTML, CSS, Javascript,JQUERY PHP, MySQL, AJAX","","tech ahoy is providing an awesome opportunity to students to study something extra apart from the regular studies and i heard my friends who are already in tech ahoy saying good things about it.","around 15 to 20 hrs",""
"2012/10/06 4:45:06 pm GMT","Siddharth Satyam","8884934577","sidude08@gmail.com","www.facebook.com/siddharthsatyam","1st year","Web Development & SEO using HTML, CSS, Javascript,JQUERY PHP, MySQL, AJAX","","i am interested in developing web pages and really want to join this.","any free time that i have","will we only be taught about the subject or will we also get to work on some project?"
"2012/10/06 4:55:23 pm GMT","rishab jain","9008757886","rishabjain57@gmail.com","rishabdreams@gmail.com","2nd year","Web Development & SEO using HTML, CSS, Javascript,JQUERY PHP, MySQL, AJAX","","Heard a lot about tech ahoy from my friends. I am willing to devote ample time to this so that I can learn something new and something which is not syllabus oriented. It is always an advantage to involve yourself into something which is beneficial for you as well as others.
","7-10 hours ",""
"2012/10/06 4:55:35 pm GMT","rishab jain","9008757886","rishabjain57@gmail.com","rishabdreams@gmail.com","2nd year","Web Development & SEO using HTML, CSS, Javascript,JQUERY PHP, MySQL, AJAX","","Heard a lot about tech ahoy from my friends. I am willing to devote ample time to this so that I can learn something new and something which is not syllabus oriented. It is always an advantage to involve yourself into something which is beneficial for you as well as others.
","7-10 hours ",""
"2012/10/06 5:21:43 pm GMT","SHAIKH ZOHEB","9611260276","sk_zoheb@yahoo.co.in","","2nd year","Web Development & SEO using HTML, CSS, Javascript,JQUERY PHP, MySQL, AJAX","","I am very much interested in developing new good looking web sites using different scripts.","8-10 hrs full dedicated",""
"2012/10/06 5:42:55 pm GMT","azhar hussain","9591506389","crazyazhar2005@gmail.com","http://www.facebook.com/azhar.hussain.9","1st year","Web Development & SEO using HTML, CSS, Javascript,JQUERY PHP, MySQL, AJAX","","Tech Ahoy seems like a nice place to start learning and working on industry  standard projects.","15",""
"2012/10/06 5:48:27 pm GMT","Shivam Singh","9740639400","s.shivam.singh@gmail.com","singhshivam","1st year","Web Development & SEO using HTML, CSS, Javascript,JQUERY PHP, MySQL, AJAX","2D & 3D Animation using Blender,Adobe After Effects, Adobe Flash","i am interested in learning the sub systems i mentioned above and apply them . i see myself having a great potential in these branches . :)","9",""
"2012/10/06 7:10:25 pm GMT","Nishant Sharma","9886371948","nishant.100593@gmail.com","www.facebook.com/NeosTomorrow","2nd year","Marketing, Finance & Publicity","","I want To join Tech-Ahoy because according to me,this start-up currently doing a great job of teaching people,most of my friends are associated with this,
and I personally am very curios about learning more of some non-technical subjects like (Marketing,Finance and Publicity) which i can implement later on with my own startup,so yeah.... whats beter than joinin tech-ahoy where i get all these benifits","6-7hrs",""
"2012/10/07 4:23:01 am GMT","R.MADHUVANTI","8123726171","r.madhuvanti@gmail.com","Madhu Ramasami","2nd year","Web Development & SEO using HTML, CSS, Javascript,JQUERY PHP, MySQL, AJAX","","INTEREST  is what persuading me to join Tech Ahoy.I was always eager about how it all goes about in this firm. It would be a wonderful opportunity for me to explore it, expand  my knowldege and work for others and  live upto their expectations.
","10-12 hours/week",""
"2012/10/07 4:41:48 am GMT","Ujjwal","9740558392","ujjwalpat12@yahoo.in","","1st year","Web Development & SEO using HTML, CSS, Javascript,JQUERY PHP, MySQL, AJAX","","computer technology is inevitable in today's times,coupled with my interest in the web designing stuff, i guess tech ahoy could be the right platform for me!","8 hours",""
"2012/10/07 5:12:33 am GMT","Rishabh Karan Makkar","9035163306","makkar.rishabh70@gmail.com","rishabh_mnpl@yahoo.com","2nd year","Web Development & SEO using HTML, CSS, Javascript,JQUERY PHP, MySQL, AJAX","","I want to join tech ahoy because I am really interested in learning web development and tech ahoy is an ideal platform for that ","4-5 hours/week",""
"2012/10/07 5:36:30 am GMT","mayank kumar","9035120571","mayankprayas@gmail.com","mayankprayas@facebook.com","3rd year","2D & 3D Animation using Blender, Adobe After Effects, Adobe Flash","","To utilize my knowledge","3",""
"2012/10/07 5:41:24 am GMT","H S Varun","9535120669","vrnsrsh@gmail.com","vrnsrsh","1st year","Web Development & SEO using HTML, CSS, Javascript,JQUERY PHP, MySQL, AJAX","","I would like to join Tech Ahoy because it would help me compliment my work as a blogger and also give me experience for my branch next year.","7",""
"2012/10/07 6:18:23 am GMT","MD SOHEL KHAN","9008767898","sohel.megusta@facebook.oom","sohel.megusta","2nd year","Graphic Designing using Adobe Photoshop, Illustrator, Indesign","Marketing, Finance and Publicity.","1. Interest.
2. Improve soft skills.
3. Keep myself busy and involved in some productive activity.
4. Maybe the pay will help in a maintaining in a decent pocket. ","5-6 hrs a week.",""
"2012/10/07 12:38:01 pm GMT","Vyom Rawat","9740550536","vyom.rawat@gmail.com","Vyom rawat","1st year","Web Development & SEO using HTML, CSS, Javascript,JQUERY PHP, MySQL, AJAX","","So as to learn something new....interact wid seniors and gain knowledge about how 2 design a web and know what java scripts and other things are....","3 hrs","Will u teach from scratch ur some perquisites also required,,,???? "
"2012/10/07 1:09:37 pm GMT","Ishan Saxena","9740496226","i_n_saxena@yahoo.co.in","	      ishan.saxena.104@facebook.com","1st year","Web Development & SEO using HTML, CSS, Javascript,JQUERY PHP, MySQL, AJAX","","i want to join tech ahoy to make something out of myself. to do something useful and productive and not waste time ","10 hrs",""
"2012/10/07 1:32:04 pm GMT","PRAVAR SINGH","9008756550","singh_pravar@yahoo.co.in","http://www.facebook.com/pravar.singh.7","2nd year","Web Development & SEO using HTML, CSS, Javascript,JQUERY PHP, MySQL, AJAX","","i was always really interested in learning web development and since tech ahoy is providing me with a platform to learn about this field ,this is definitely the best opportunity i could get,and wouldn't want to miss it... ","10-12 hours",""
"2012/10/07 2:21:34 pm GMT","SHAURYA CHANDRA","9886640712","darethedevil.shaurya@yahoo.co.in","darethedevi.shaurya@yahoo.co.in","1st year","2D & 3D Animation using Blender, Adobe After Effects, Adobe Flash","","to learn","15 hrs",""
"2012/10/07 3:05:03 pm GMT","Karan","9591505488","karan.tandon93@gmail.com","","2nd year","Web Development & SEO using HTML, CSS, Javascript,JQUERY PHP, MySQL, AJAX","","To learn about web development and get hands-on experience by implementing real life projects.","3-6 hours",""
"2012/10/07 6:02:13 pm GMT","JAYATI JHINGRAN","9008757868","jayati3@yahoo.com","jayati3","2nd year","Graphic Designing using Adobe Photoshop, Illustrator, Indesign","","i'm interested in the courses offered and the fact that training starts from scratch makes them attractive","9-10 hrs",""
"2012/10/08 8:52:56 am GMT","Akshay Lakkaraju","9008773656","akshay_lakkaraju@yahoo.com","lakkaraju akshay","2nd year","2D & 3D Animation using Blender, Adobe After Effects, Adobe Flash","","I have been always intrested in animation..i tried to learn through online tutorials but wasnt very succesful..somebody teaching it is the best way i can learn..and for sure the projects and the money after the training is something very tempting","8-10 hrs",""
"2012/10/08 12:55:57 pm GMT","Apurv Bazari","8884296247","apurv.bazari@yahoo.com","","2nd year","Web Development & SEO using HTML, CSS, Javascript,JQUERY PHP, MySQL, AJAX","","It will give me experience and I will learn more than what is being taught to us.","7-10hrs",""
"2012/10/08 4:39:55 pm GMT","Ananya Agrawal","9886648020","agr.ananya3@gmail.com","","1st year","Graphic Designing using Adobe Photoshop, Illustrator, Indesign","","I am keenly interested in graphic and media design and like spending my time doing creative stuffs...... and i feel tech ahoy would help me come up with something worthwhile..... ","5-6 hours",""
"2012/10/08 7:21:44 pm GMT","nandakishore m m","8050936388","nandasaiyan@gmail.com","nandasaiyan@gmail.com","3rd year","Magazine Development","","basically i wud lik to improvize my skills and gain mor knowledge regarding many facts, and also i wud lik to utilize my time efficiently and this wud supposedly be the best way to do tht .","15hrs or more",""
"2012/10/08 8:17:55 pm GMT","salman hussain","8867816806","salman4admission@gmail.com","http://www.facebook.com/salman.hussain.58","2nd year","Web Development & SEO using HTML, CSS, Javascript,JQUERY PHP, MySQL, AJAX","","Because i am familiar with the Web developement and SEO and i may learn something new..","daily 1 hour",""
"2012/10/09 6:18:34 am GMT","Abhishek Bhaduri","9008768793","antiordi1.0@gmail.com","https://www.facebook.com/abhishek.bhaduri.5","2nd year","Web Development & SEO using HTML, CSS, Javascript,JQUERY PHP, MySQL, AJAX","","Would like to enhance my programming skills and apply the same with tech ahoy and as well as academics","5-6 hours",""
"2012/10/09 8:19:05 am GMT","ankush gupta","9035125254","ankushguptaleo@gmail.com","ankushguptaleo","2nd year","Web Development & SEO using HTML, CSS, Javascript,JQUERY PHP, MySQL, AJAX","","I want to learn and apply","12","I have a class at 6 on the 10th. I can't attend the recruitments. If possible then allot some other time please"
"2012/10/09 2:59:35 pm GMT","vishal","9035515177","vishalkini1994@gmail.com","vishalkinib","2nd year","Graphic Designing using Adobe Photoshop, Illustrator, Indesign","","I want to get a good foundation, get in more tests an prepare myself better.. try to get in as much as possible..","10-15 hours",""
"2012/10/09 5:54:31 pm GMT","SOHINI PALIT","9886529813","sohini_plt@yahoo.com","","1st year","2D & 3D Animation using Blender, Adobe After Effects, Adobe Flash","","Tech ahoy has most of things that I always wanted to learn. I have a great interest in animations and graphics. :)","Max. 3-4 days","I would like to know if there is any fees required for joining the club.."
"2012/10/09 7:24:02 pm GMT","Siddhant Anal","9740534074","siddhantanal@gmail.com","http://www.facebook.com/siddhant.anal","1st year","Web Development & SEO using HTML, CSS, Javascript,JQUERY PHP, MySQL, AJAX","Grapic Designing using Adobe Photoshop","The best thing that sets tech ahoy apart from other is that they are starting everything from basics. Although i am already familiar with java, HTML, photoshop etc. but would still need a revision on those topics in order to get full command in that area of work. ","10 hours",""
"2012/10/09 8:41:54 pm GMT","BHARGAV DEVADIGA","9035245654","bhargav_bbd@yahoo.com","bbd_thecul@yahoo.com","2nd year","Web Development & SEO using HTML, CSS, Javascript,JQUERY PHP, MySQL, AJAX","","Because as i was attempting to learn something in web development and programming languages for a long time now,but could never go beyond c++ and html.I was willing to join a club that would impart knowledge in this category.Hence i would like to join TechAhoy.","8 hours",""
"2012/10/10 3:53:45 am GMT","Shubham Das","8970224474","shubhamid@gmail.com","shubhamdas","1st year","Web Development & SEO using HTML, CSS, Javascript,JQUERY PHP, MySQL, AJAX","Graphics Designing and 2D and 3D animation.","To expand the current knowledge I have and to showcase my talent.","7 hours",""
"2012/10/10 4:21:25 am GMT","likhin","K.V","kvlikhin@yahoo.co.in","","1st year","Graphic Designing using Adobe Photoshop, Illustrator, Indesign","","Because i want to learn something new generally we cant do easily on our own........","7 hours- an hour per day","yes, is there any ethical hacking session which is going to be organised by TECH-AHOY..."
"2012/10/10 10:01:05 am GMT","DEVIKA UDAYAN","8971030189","devikaudayan_5@hotmail.com","","3rd year","Graphic Designing using Adobe Photoshop, Illustrator, Indesign","","It is one of the only clubs as far as i have heard of which is actually taking effort to impart skills into people before letting them work for the club or company. Generally, prior skills are often a prerequisite. This club proves to be unique in that manner. I am interested in learning more about graphic designing and programming. However, I do not have prior knowledge in this field. I am applying today in the hope to gain better understanding of this field.","5"," -"
"2012/10/10 11:52:52 am GMT","aditya gupta","8884104353","aditya_093@yahoo.co.in","adidaddy.093@gmail.com","2nd year","Marketing, Finance & Publicity","","to get some actual work experience.and to know how a company functions.","5-6 hours",""
"2012/10/24 7:53:14 am GMT","deep sen","9907898093","einsteinisgenius@gmail.com","iamcorinthian@facebook.com","2nd year","Magazine Development","","i want to join tech ahoy because i'm a technophile","i am always free",""