"Timestamp","What do you expect from the next semester?","What do you think went wrong this semester? Do give suggestions for correcting the mistakes also.","Which categories are you more interested in next sem? ","How was the perfomance of the heads of the respective categories. Name them and give feedbacks for each of them.","What practices will you implement in your juniors next sem? How will you make sure that you will work as a team?","This is completely optional. You can enter your name if you are fine with it.","Anything to add..."
"2012/06/09 10:23:41 am GMT","More time mastering what we have learnt. Also GUI using Python. Since this semester we didnt work a lot practically, it would be great if we stress more on doing projects while in the semester as coordinating when everyone is on a holiday is very difficult.","I think we started of late and also Revels in between altered the pace. I guess we should start in full force from the beginning of next sem.","SD Development (Both Python and Java) as well as Android. Hacking if time permits.","Anindya, Amit and Vighnesh all were very nice and well read about their topics. No problems with any.","I will give more time to my juniors next sem as I will have 1 whole year with them. Also I will try to find out who is excelling in which part of the programming to make teams so that they can do projects efficiently and make them do projects while they are in college.","",""
"2012/06/10 2:29:46 pm GMT","continue the same teaching style..
introduce more technical languages and work...

","a bit lack of management ..it should start from the beginning of the semester...","LABS- web dev
CREATIVE ARTS- graphics designing ","T.V Vignesh--  vry gud in teaching...no need of any change...
Sahil tandon--  gud..
Amit Sengupta--  gud..
Manish -- friendly and gud","more practical work..more small small tasks for them to perform weekly...","Nupur",""
"2012/06/10 4:35:14 pm GMT","i expect to learn alot more.trying to study java now and im sure itl get stronger by the project we make so hopefully will get to do more so that my basics and application of java increases.also expecting to be exposed to more workshops about python,adobe and basics of app development.also as self study hope i get to learn more and read more about artificial intelligence and other intersting advancements in the technical sphere to keep me abreast with fast developing technologies.","classes and objective of each class were not well planned.i am in SD so although they tried to cover most of the basics in java during the classes the teaching wasnt coherent and even though we were exposed to the concepts its practical implementation and applications were not discussed properly so when we were assigned the projects they seemed abstract and although we can speak to our mentors now and clear our doubts it would have been way better to have done it one on one in manipal itself.So my suggestion would be that next sem the applications should be discussed and more time is given on practical implementation rather than theory because if guided properly theory can be read beforehand by the students so that time in class is not wasted on theory and instead practice and logics are discussed.","1.software development
2.application development
3.artificial intelligence 
and im not sure what do you mean by the cloud and networking option and basically just have a prior understanding of only the definition of cloud computing so would be happy to learn more about that too if possible","had direct interaction only with anindya and he was very helpful and whenever i had a doubt he guided me well.Also understood his teaching properly in the SD classes.
my mentor is amit sengupta and till now i have not had much direct interaction with him but whatever doubts i have had uptil now he has cleared them very well so looking forward to more interaction with him.
So i have had no problem with the people i have interacted with.","Im sorry but cant understand what you mean by the first question.
As far as the team goes i am in constant touch with teammates through skype and fb so we are constantly discussing and planning how to move forward with our project step by step.Also we communicate well and are clear with each of our objectives and work distribution so so far we are working well as a team.Although not much work has been done regarding the project but gradually we are trying to complete it so im sure the outcome should be positive.
","Medha Shrivastava",""
"2012/06/14 4:46:36 pm GMT","I do not expect anything new in the coming semister. First of all make the existing categories to perfectly function. They are not all doing well.","There is no seriousness at all in the seniors except for one or two. The plans,strategies which you guys made were good,but you completely failed(except for the magazine part) in the execution part. If this continues in the coming semisters, im pretty sure that the group will be closed due to its bad run.","SD","Except for one or two no one was serious enough. I havent seen my mentor at all.He never came to any classes. Organization and execution of the plans made is very bad. Please make necessary changes in the mentors team, many people are not serious and i think they dont deserve to work in the group.","First the seniors should be good enough to guide the juniors. Please wake up and take the group work seriously guys if you really want to run a organized group","","I'm sorry if i have hurted anyone's feelings by my feedback.May be i was wrong.I just gave my frank feedback,whatever opinion i have on techahoy. Actually i should be thankful to you guys for making me taste java language. But the group did a very bad job this semister, people should be more serious and things should be way above organized. "
"2012/06/14 9:53:19 pm GMT","Training in the categories being introduced next semester onwards and more internal projects in the old categories. Gathering together of the teams on a more frequent basis and executing the task at hand as a collective unit. ","Nothing could have possibly gone wrong this time around as the new recruits (us) were new to this kind of a set up and needed training to be able to handle and run an organization like this and i must say it was imparted in a really professional manner. Since it was the beginning for us, it was necessary to keep things slow and hence we've been in the midst of training for most of the time this year and have not had much of work(external) to do .Obviously, we've had our internal projects whose timely completion and execution would speak volumes about our capability to handle tasks in the future and eventually decide what amount work we get in the time to come.
I am just trying to emphasize on the fact that i'd love to be kept even busier than what we've been up until now.    ","Besides the current sd in java and wd that I am in-
sd in python
hacking & security
app dev
& game dev are a few of the new categories which amuse me although it is impossible to be involved in all.
","ANINDYA DUTTA (sd)- He was the person who had taken the classes in java for us and it was really a good experience attending them. He really explained every topic well.

T.V.Vignesh (wd) - Got to learn really a lot from him . Apart from all the web scripting language basics , i got tips on a lot of other important parts and aspects of websites.

All of this review is based on whatever limited amount of interaction we've had up until now due to natural reasons .   ","I would make sure that they are opinionated in the right sense and in favor of techahoy and that they voice there opinions as ideas is what paves the way for innovation and eventually, perhaps even success .
wud make sure that they keep in touch with there heads and team-mates even more than what it was like in our time so that the tasks get executed even quicker drawing in vital contributions from everyone.
To work as a team it would be necessary to make everyone feel needed keeping them interested and ensuring they have the sense of belonging towards the organization and urgency to perform and not let down.","Gourav Ray",""
"2012/06/15 6:23:09 am GMT","working in bigger  projects  as assistants with the seniors..","LESS TIME, LESS PRACTISE, LESS MENTORS.

SUGGESTIONS-MORE. :)","SD IN PYTHON","ANINDYA DUTTA -- EXTREMELY FULL OF KNOWLEDGE
PARTH & AMIT SENGUPTA -- ALWAYS EAGER IN HELPING AND GIVING NEW IDEAS.
AUDI MODI -- NEVER SEEN :(","SEPARATE WORKING SESSIONS FOR GROUPS ALONG WITH THEIR SENIORS.. WERE IDEAS WILL B EXCHANGD AND WORKD ON.","soumyadeep ghosh",""
"2012/06/15 7:56:18 am GMT","i would expect the ammount of publicity to be increased a little more..
so that everyone could know and the eagerness to read it increases...
","i would say publicity again...
only a handfull of people were publicising the magazine the proper way...
i tried my level best though...
","i would still be interested in magazine and GD
","really good everyone worked to their full capacities..
","compulsory meetings every week....
discussion of ideas more openly","Rishabh gupta",""
"2012/06/15 9:34:29 am GMT","more workshops","€","graphic design","everybody did good work","i think we should focus more on our work and the technicalities. i will try not to waste their time and give them work and not just lectures.","",""
"2012/06/15 10:47:24 am GMT","some android applicaion,and java project with a brief understanding","mentors are not very helpful.
they need to be more responsible","software,android","not good.asked for their help but couldn't receive anything from them.","well there should be online meeting using cisco online meet.it will be helpful as the meeting will be conducted weekly.juniors need help so a doubt session will be there","","keep a watch on mentors.they dont help"