"Timestamp","YOUR NAME","Which category would you like to join?","Do you have any previous web design/development experience?","Your E-mail ID","Your Contact No:","Are you from Manipal University? If you are from any other college/institution please select NO.","Why would you like to work for Tech Ahoy?","If you have worked for any other websites before or is currently working, specify your experience out here with your role and appropriate website addresses","What languages are you proficient with? List all of them. eg.(HTML,CSS,JAVASCRIPT,JQUERY,PHP,MySQL,AJAX,etc.) You can even list NON-Web development languages.","Which year are you in?","How much time will you be able to devote for this work per week?"
"2012/01/22 5:46:14 pm GMT","Daniel Gregory D'souza","Development Team","NO","danielgregorydsouza@gmail.com","900875216","YES","-Experience
-Interest","","HTML
C
C++","1st Year","around 2-3 hours"
"2012/01/22 8:16:12 pm GMT","Anas Siddiqui","Development Team","NO","anas_dps@yahoo.co.in","9035109648","YES","I have done programming in C++ in my 11th and 12th and made projects with it. I have a good command over it. When i attended the Web Development workshop, I though i could do javascript and PHP well as they are similar to C++ if I am taught well. I have never experienced programming for sites so would like to try it.","I have never designed any website.","C++ completely","1st Year","4"
"2012/01/27 12:35:50 pm GMT","Kenneth Gavin D'Souza","Design Team","NO","kennethgds@gmail.com","9663559194","YES","This can be a platform where I could see myself to understand new things and have a basic knowledge of how a work related object be approached practically rather than theoretically. ","None so far.","HTML(basic)
c++
","3rd Year","Weekends"
"2012/01/27 2:05:05 pm GMT","Adithya Bharadwaj","Design Team","YES","bha123adi@gmail.com","+918939445714","NO","coz.. m proud being a part of it.. working with geeks feels cool.. ","www.uiioa.com
hitdarbway.blogspot.com","html, css, java script","3rd Year","max 1"
"2012/01/27 5:21:20 pm GMT","Sourabh Prakash","Design Team","YES","ruman.sourabh@hotmail.com","9035099078","YES","I have been a part of Tech Ahoy since it came to Manipal, i want to continue my part.","worked for Tech Ahoy","HTML,Photoshop","2nd Year","10/12/2012"
"2012/01/28 9:11:40 am GMT","Nupur Shikha","Design Team","YES","nupur.shikha01@gmail.com","8123676039","YES","I want to learn more in designing websites, nd this is one of the bst place 4 dat...","","HTML,CSS,JAVASCRIPT,PHP,JQUERY...
c++","1st Year","4 DAYS IN A WEEK, 2 TO 3 HRS DAILY.."
"2012/01/28 6:43:07 pm GMT","rashmi ranjan","Development Team","NO","rashmi.miley@gmail.com","9035166950","YES","although i don't have prior knowledge about it,i would definitely like to learn about web development.i really want to learn about it.It is written above that training will be given so it will be a golden opportunity for me to learn anything new and implement it too if i get selected.","","HTML,JAVA,C++,My SQL","1st Year","3 days a week"
"2012/01/30 12:22:07 pm GMT","SHRADDHA SINGH","Design Team","NO","rokrgal@gmail.com","8884109085","YES","I would like to work for Tech Ahoy because i attended the web devlopment workshop organised by IEEE and found it very intresting. So i would like to learn further and work for it.","","HTML,CSS,JAVASCRIPT,JQUERY,PHP,C++.

","1st Year","5 DAYS, 2-3 HOURS DAILY"
"2012/01/31 9:37:13 am GMT","Sumedh Shekhar","Development Team","YES","sumedhhere@gmail.com","9035194701","YES","This is an opportunity to increase my skills in the practical world applications of Computer languages during my college life which i am pretty sure is not included in the curriculum. Hence, I would like to seize this opportunity.","I have worked on just the problem statement I had to submit after the Web Development Workshop organized by IEEE which i was able to complete efficiently.","HTML
CSS
JAVASCRIPT
JQUERY
PHP
C++
The basics of JAVA","1st Year","6-8 Hours"
"2012/02/01 7:42:07 am GMT","Abhishek Nan","Development Team","NO","abhisheknan001@gmail.com","9538430594","YES","I see this as incredible opportunity to gain some experience in web development. Considering that I'm still a newbie in this field, I'm willing to work hard as long as it entails learning new things.","","Average levels of proficiency with C++, HTML. And basic levels with CSS, JAVASCRIPT, Jquery, PHP, MySQL (from the recent IEEE Web Development workshop).","1st Year","7"
"2012/02/01 2:56:36 pm GMT","Satheesh Swaminathan","Design Team","NO","satheeshswaminathan@yahoo.co.in","8123244809","YES","I am interested in any technical aspect or something related to computer programmings !!!","","C/C++, core Java to some extent ...","2nd Year","2 hrs"
"2012/02/01 4:43:23 pm GMT","Romi lGupta","Development Team","YES","romilgupta19@gmail.com","8880414133","YES","To explore my knowledge and for experience .","N.A","ASP.net , C#.NEt , HTml , CSS ,JAvascript  , C &C++ , SQL ,XML
","None of these","7hrs "
"2012/02/02 7:44:58 am GMT","Pulkit Chaudhary","Design Team","YES","pulkitchaudhary93@yahoo.com","9535679808","YES","Tech Ahoy is a growing enterprise and has the ability to give competition to any other enterprise of same sort. Moreover, it is a skillful company and i also want to do something out of the box, other than normal study routine and this would be a great way to learn something new and also help in making the enterprise better.","Actually i have just built a website as a project given at the end of the ASP.NET workshop conducted by IEEE last semester.","I know Java and C++ pretty good. Learning C# and Oracle SQL recently.","2nd Year","12-14 hours."
"2012/02/02 12:31:41 pm GMT","mayur kumar","Design Team","NO","mayurt095@gmail.com","9035082319","YES","I have also been very interested in designing websites but never got the proper guidance about where to start from.I will get to learn a lot from this club and once I learn  the method of web designing I will give my 100%.","no.","none properly but given the opportunity I will try my best.","2nd Year","whenever u need my assitance."
"2012/02/03 7:27:39 pm GMT","CHAITANYA CHAUHAN","Development Team","YES","SHANKYCHAITANYA@GMAIL.COM","9035115217","YES","This semester is my last chance to work on websites and computers as I'm in mechanical. So I assure you that whatever details I give and whatever promises I make I'll stick to them sincerely.","I've developed several websites on my own but not uploaded on net. If asked I'm ready to produce. 
               I'm waiting for ur reply.","HTML,CSS, JAVASCRIPT AND JQUERY","1st Year","4"
"2012/02/04 9:44:52 am GMT","ravi shankar soni","Development Team","NO","ravishankarsoni@live.com","9035793651","YES","m interested in doin all these stuffs..
according to me if u do something new,u learn a lot...
n make new frnds... :)","","did java and c++ in my school...
","2nd Year","5/7/2012"
"2012/02/06 3:44:22 pm GMT","soumyadeep ghosh","Development Team","NO","soumyadeep11194@gmail.com","8884213376","YES","to improve my programing skills and expertise in web developing .","NIL","JAVA.
learned C++ in 1st year PSUC.

attended WEB DEVELOPMENT WORKSHOP BY IEEE, so knw a bit of those.","1st Year","5/6/2012"
"2012/02/10 6:13:08 pm GMT","SAMA SREERAMA KRISHNA","Design Team","NO","sama.sreeram13@gmail.com","9535676832","YES","I am interested in web development.
I want to learn it.","","c
c++
java
c#","2nd Year","15 hrs"
"2012/02/11 6:06:36 pm GMT","Arun Mahadevan","Design Team","YES","arungm29@gmail.com","7411279650","YES","I would like to gain some experience in developing a professional-looking website, and i think Tech Ahoy would be the right place to start.","","C++, HTML, CSS, a bit of JavaScript","1st Year","3/4/2012"
"2012/02/13 6:09:57 am GMT","Sri Harsha","Development Team","NO","y.sri.harsha2010@gmail.com","9591506369","YES","to learn things n to use them for the development of me n the group.","","c++ and java to some extent","1st Year","2"
"2012/02/13 10:32:24 am GMT","Akshay Karanjkar","Design Team","NO","ishaan.karanjkar@gmail.com","9035167425","YES","The first thing that prompted me to join this venture is the training that will be given to those selected. I am very interested in designing and formatting websites. I've wanted to learn photoshop for a while now and I see Tech Ahoy's recruitment as the perfect opportunity. Thus I can guarantee you that I will learn sincerely. Of course once I've received the training I will use it to contribute to the projects in an innovative manner. I understand that no matter how well the source code of a site is scripted, in order to be successful it needs to look attractive to the client. This is where I would like to make my contribution to the designing team.","","HTML
CSS
Javascript
JQuery
Non-Web Dev languages:
c++","1st Year","10-12 hours "
"2012/02/15 2:52:40 pm GMT","V.Gurudath","Design Team","NO","gurudath.v@gmail.com","+91-9940075531","NO","Since, i got impressed by Mr. T.V. Vignesh, the CEO of Tech Ahoy.","I'm a final year B.E ECE student (fresher).","HTML, C,C++, mplab.","4th Year","14-21 hrs a week."