"Timestamp","Your Name","Mobile No","E-mail ID","Your Facebook ID","Which year do you belong to?","Which category would you like to join?","USE THIS FIELD ONLY IF YOU WANT TO JOIN MULTIPLE CATEGORIES (OPTIONAL)","Why do you want to join Tech Ahoy?","How much time can you spend per week for this?","If there is anything you would like to ask us/add put it here"
"2012/08/27 1:18:34 am GMT","Samarth Arora","9008756646","arora.samarth@gmail.com","www.facebook.com/arora.samarth","2nd year","Graphic Designing using Adobe Photoshop, Illustrator, Indesign","Software Development in JAVA","Enthusiastic for learning about Technology,Want to learn JAVA for developing Softwares.Want to put the learning to use .

Frankly,My expectation from TechAhoy is work and learning as I'm not part of any other club/organization and i want to utilise my time I'm keen on joining you.","10 hrs ","Not part of any other organisation, Can put a more effort if required."
"2012/08/27 1:19:40 am GMT","RAJENDRA","8147048455","rajendramit123@gmail.com","Rajendra Raj","2nd year","Web Development & SEO using HTML, CSS, Javascript,JQUERY PHP, MySQL, AJAX","CARTOONING","I want to learn something new in excess to my branch subjects","8","Will there be any interview for this recruitments?"
"2012/08/27 3:54:46 am GMT","Shivangi Aggarwal","9844027480","shivangi_11@ymail.com","shivangi_aggarwal@rocketmail.com","3rd year","Marketing, Finance & Publicity","","So that i can become more assertive","10 hrs or more",""
"2012/08/27 5:52:47 am GMT","Ankit Anand","8123676691","ankitfundoo@gmail.com","","2nd year","Web Development & SEO using HTML, CSS, Javascript,JQUERY PHP, MySQL, AJAX","Graphic Designing","Because apart from theory and classes , i want technical support and work experience . Working along with learning( as you promised) on this platform seems to be fruitful . ","4",""
"2012/08/27 5:54:46 am GMT","Deepshikha Das","8095128772","aquadips7@gmail.com","","3rd year","Graphic Designing using Adobe Photoshop, Illustrator, Indesign","","Joining Tech Ahoy will be a new experience as it will give me an opportunity to learn new stuff.My interest is in Graphic Designing which this club is offering and i'm eager to learn exactly what this category is all about.","16 hrs per week",""
"2012/08/27 6:09:38 am GMT","Abhinav Kumar Sinha","7829534041","abhinavsinha9999@gmail.com","","2nd year","Graphic Designing using Adobe Photoshop, Illustrator, Indesign","","In a nutshell tech Interested.","9 hrs",""
"2012/08/27 6:43:20 am GMT","Abhishek Choudhary","7204316967","abhishekchou@gmail.com","https://www.facebook.com/abhishekchou","2nd year","Web Development & SEO using HTML, CSS, Javascript,JQUERY PHP, MySQL, AJAX","","seems like a good opportunity to learn and put free time to good use. 
also, i've been meaning to start HTML myself but never got around to doing it myself. 
","10",""
"2012/08/27 6:54:09 am GMT","JALAJ KHANNA","9740537453","jalaj_khanna@hotmail.com","https://www.facebook.com/jk1992","2nd year","2D & 3D Animation using Blender, Adobe After Effects, Adobe Flash","","to gain technical experience and knowledge ","10-14 hours",""
"2012/08/27 7:19:45 am GMT","Daniyal A Faheem","9035127304","dahmed666@gmail.com","","2nd year","Web Development & SEO using HTML, CSS, Javascript,JQUERY PHP, MySQL, AJAX","","To learn web development.","5-7 hours",""
"2012/08/27 8:24:01 am GMT","HARSHA VARDHAN.U","7353580699","vardhanh662@gmail.com","harsh257196@facebook.com","2nd year","Software Development in JAVA","","i am  a student of cse branch. i want to be a part of one of the premier clubs related to cse . i want to learn some thing new. i am really interested in java.
TECH AHOY is providing a chance by teaching soft ware development in java.","maximum possible time of  my free time.",""
"2012/08/27 8:31:47 am GMT","Aditya Atul Malwe","9620867613","adityamalwe@gmail.com","Aditya Malwe","2nd year","Media Editing using Adobe After Effects, Adobe Premier Pro","","I want to learn to edit voice, music under media editing.","5 hours",""
"2012/08/27 8:43:41 am GMT","Shaurya Gupta","8951389844","shaurya.mit92@gmail.com","","2nd year","Web Development & SEO using HTML, CSS, Javascript,JQUERY PHP, MySQL, AJAX","","I think what i want to learn ""Tech-Ahoy"" will provide me those things  . ","5hrs-6hrs",""
"2012/08/27 10:22:15 am GMT","B.Vijay Aditya","9632503462","ady.prasad288@gmail.com","","2nd year","Marketing, Finance & Publicity","","Want to learn something new.","how much ever possible",""
"2012/08/27 10:32:18 am GMT","A . SNEHA","9035113585","snehaarkery@gmail.com","","2nd year","Software Development in JAVA","graphic designing using adobe photoshop , illustratror , indesign","because it is a good platform to learn .","4 hours","will the training be given  ... if we dont have any pre-requisite knowledge?"
"2012/08/27 11:40:11 am GMT","Srishti Agarwal","9008747200","srishti153agarwal@gmail.com","srishti153agarwal@gmail.com","2nd year","2D & 3D Animation using Blender, Adobe After Effects, Adobe Flash","Or Graphic Designing","The categories being offered are very different fro the ones available in other clubs in MIT. Hence its a great medium to explore and get to learn something new.","5 hours",""
"2012/08/27 2:05:08 pm GMT","YARLAGADDA RITHVIK","8095050546","ritvikonline@gmail.com","","3rd year","Software Development in JAVA","","the various categories that u r presenting before us sums it all...very interesting nd sumthing we r looking forward to ....  actually  to be frank i also found the name ""TECH AHOY"" very catchy:)...and secondly as a 3rd yr student i just want to get more close to the technical world and gain the most of it.","3 days...(tough sem ahead",""
"2012/08/27 2:18:12 pm GMT","Deeban babu","9940331780","dbin25@hotmail.com","Deeban Babu","3rd year","Web Development & SEO using HTML, CSS, Javascript,JQUERY PHP, MySQL, AJAX","software development in JAVA","To learn things and work on them..","4-8 hours","Hope basics would be brushed up."
"2012/08/27 3:07:05 pm GMT","Rohit","9740309492","contactrohit93@gmail.com","	 redmonesterrohit@facebook.com ","2nd year","Software Development in JAVA","web devlopment &seo using html","i have heard about this a group alot
.......and i kow this group can help me in enriching my knowledge and making useful for business level","2 days",""
"2012/08/27 3:08:30 pm GMT","Mrinal Singh","8123725996","mrinalsinghms@gmail.com","mrinal.singh.794","2nd year","Media Editing using Adobe After Effects, Adobe Premier Pro","","To increase my knowledge.
","4 hours",""
"2012/08/27 3:24:31 pm GMT","Mohit Khosla","9035119170","mohit.khosla@yahoo.in","mohitk1993","2nd year","Software Development in JAVA","","I am very interested in developing my own software, and I sincerely hope Tech Ahoy will be helpful in imparting me the necessary skills....","4 hours",""
"2012/08/27 3:57:32 pm GMT","shantanu sharma","9008746106","shantanu92@gmail.com","sharma.shantanu92","2nd year","Web Development & SEO using HTML, CSS, Javascript,JQUERY PHP, MySQL, AJAX","","I want to join tech ahoy because my friends work for this club. I have heard a lot about it, the way it is spreading technology through the group and its ambtion of becoming an entreprenur attracts me and now i want to be a member of it. I have been interested in designing websites and i look forward to make websites for tech ahoy in the future. ","all my half days(4 days) and sundays","Is it true that its members will be paid in the future??
"
"2012/08/27 4:18:45 pm GMT","Partho Bhattacharya","9886631408","mailingpartho@gmail.com","parthob2","2nd year","2D & 3D Animation using Blender, Adobe After Effects, Adobe Flash","","i feel it will be helpful to explore my field and also interact with others. ","5 hrs",""
"2012/08/27 4:53:19 pm GMT","Stanton Shaun D'Silva","9986816997","shaunthunder@gmail.com","Shaunthunder","2nd year","Web Development & SEO using HTML, CSS, Javascript,JQUERY PHP, MySQL, AJAX","2D and 3D Animation","To Learn about Web Development and also to experience more about Computer Systems.","3 Days per week 1 hour each",""
"2012/08/27 5:07:56 pm GMT","Ratan Phayade","9902121143","ratanphayade@gmail.com","https://www.facebook.com/ratanphayade","2nd year","Software Development in JAVA","","To Learn more about programming...... ","3 days",""
"2012/08/27 5:37:37 pm GMT","Srinath","9035112942","srinu.b94@gmail.com","Srinath Balasubramanian","2nd year","2D & 3D Animation using Blender, Adobe After Effects, Adobe Flash","","New experience","10 hrs","I can add more hours of work if needed but will I be able to reduced the time any particular day if needed?"
"2012/08/27 5:58:07 pm GMT","Aditya Joshi","9035120269","joshiaditya1993@gmail.com","","2nd year","Software Development in JAVA","","I want to join tech ahoy because i like programming and want to improve my software development skills.","5-6 hours",""
"2012/08/27 6:35:42 pm GMT","Aman","9035245559","Psm2911@gmail.com","Aman Shankar","2nd year","Software Development in JAVA","","The concept of recruitment is different and I can explore my field of interest.","3.5",""
"2012/08/27 7:28:22 pm GMT","Saurabh Singhal","7353576886","hbaruas@ymail.com","hbaruas1","2nd year","Web Development & SEO using HTML, CSS, Javascript,JQUERY PHP, MySQL, AJAX","Also Software Development in JAVA and if possible Graphic Designing using Adobe Photoshop, Illustrator, Indesign too.","My friend learned these really intrestiing things and showed us which made me realise where am istanding right no by just learning the basic class stuff.. So would realy like to learn new things and be a stand out engineer.","21",""
"2012/08/27 7:46:04 pm GMT","Ishan Gupta","8197346286","tv.bug.ct@gmail.com","www.facebook.com/tv.bug.ct","2nd year","Web Development & SEO using HTML, CSS, Javascript,JQUERY PHP, MySQL, AJAX","","Really interested in learning about web development","10 hours",""
"2012/08/27 8:40:12 pm GMT","Sujatro Ghosh","9538431602","sujatro_richie@rediffmail.com","http://www.facebook.com/sujatro.richie","2nd year","Web Development & SEO using HTML, CSS, Javascript,JQUERY PHP, MySQL, AJAX","","I want to learn new things here which are not taught in the classes,especially web dev","3-5 hours",""
"2012/08/28 6:47:50 am GMT","Soham Ghosh","8123812421","sohamghosh_92@yahoo.co.in","sohamghsh92","2nd year","Web Development & SEO using HTML, CSS, Javascript,JQUERY PHP, MySQL, AJAX","","i want to learn about web development. i think it's a good way of earning money.","3 to 4 days","is there a course fee?"
"2012/08/28 7:16:42 am GMT","sohaib mohammed","9731920093","sohaibcs5@gmail.com","sohaibmax93@hotmail.com","2nd year","2D & 3D Animation using Blender, Adobe After Effects, Adobe Flash","","I want to learn more about animation and tech ahoy provides me a chance to learn it and showcase my talents.","5 days a week",""
"2012/08/28 12:45:14 pm GMT","srikar","9035215292","srikarkh@gmail.com","10150675119184315","2nd year","Graphic Designing using Adobe Photoshop, Illustrator, Indesign","","giving me an opportunity to and learn and explore new stuff which excites me..!
let me see if i can get d best..!!","10-12 hours..depends on requirement...",""
"2012/08/28 1:02:47 pm GMT","D.Berlin Russel","9790808874","berlinrussel@gmail.com","http://www.facebook.com/berlinrussel","3rd year","Web Development & SEO using HTML, CSS, Javascript,JQUERY PHP, MySQL, AJAX","","i m inspired by your ur website ,and also i want myself to improve my knowledge in the above fields ","saturdays ","i m in chennai :) ,and i sont know wt NLH 402,403,404 means.you are in karnataka ,so i cant be with u guys isnt it ? :(.  "
"2012/08/28 2:36:12 pm GMT","kushal mandhani","9591506011","kushalmandhani_555@yahoo.com","www.facebook.com/kushal.mandhani","2nd year","Web Development & SEO using HTML, CSS, Javascript,JQUERY PHP, MySQL, AJAX","","I want to join because i do not have much knowledge that is required to join any of the groups as im in IT and im supposed to have knowledge on my track. Unfortunately I do not have the information and Tech Ahoy is giving me the chance to prepare myself first by making me learn things and then move towards the competition.","7 hrs","This is a brilliant idea of giving a chance to all people with or without knowledge."
"2012/08/28 3:37:55 pm GMT","Prachi Gupta","9008782001","prachi.93@gmail.com","","2nd year","Magazine Development","","To be part of a technical community and expand my knowledge concerning the same. Also to be part of and contribute to a growing magazine.","3 hours",""
"2012/08/28 4:13:00 pm GMT","nitya","9008757745","nityapydipati@gmail.com","","2nd year","Software Development in JAVA","","I want to improve my technical skills,coding and learn something new and produce results which will help in the near future.","4-5 hours","Is it possible to switch to an other part of techahoy if interested?"
"2012/08/28 4:49:32 pm GMT","vikram venkatesh","9029024151","vikrm.v@gmail.com","","2nd year","Software Development in JAVA","","interest in certain categories","6",""
"2012/08/28 5:26:42 pm GMT","Sri Harsha Yalamanchili","9591506369","y.sri.harsha2010@gmail.com","sriharsha1994@facebook.com","2nd year","Web Development & SEO using HTML, CSS, Javascript,JQUERY PHP, MySQL, AJAX","","I want to learn some things and teach the same.","14hrs",""
"2012/08/28 5:28:35 pm GMT","Sisriksha Bhaumik","9535677046","sisriksha.b@gmail.com","","2nd year","Web Development & SEO using HTML, CSS, Javascript,JQUERY PHP, MySQL, AJAX","","To learn and gain to exposure in the applied category. ","6-7 hours",""
"2012/08/28 5:53:25 pm GMT","srishti saha","+91-8197346936","srishti280992@yahoo.com","srishti saha","2nd year","Magazine Development","","i would want to be a part of tech ahoy to gain experience and learn to work in a professional atmosphere. Also this would provide me with a social platform to test my own ability and worth.","8-10 hours","what exactly will the magazine development team work as?"
"2012/08/28 6:01:15 pm GMT","Jaiveer","9008758593","jaiveerm@gmail.com","mjaiveer@facebook.com","2nd year","Graphic Designing using Adobe Photoshop, Illustrator, Indesign","","actually to be frank i am wasting a lot of time so in order to avoid that and to learn something new which i never worked on. so may be that is the reason why i am joing Tech Ahoy...","3-4 hours",""
"2012/08/28 9:18:15 pm GMT","Akash Raj","9591502901","rajakash31@gmail.com","rajakash31","2nd year","Software Development in JAVA","","Firstly, I'll be able to learn alot from it which will help me at some point of time.. 
Secondly, it would be a great experience for me (its like doing an internship =P)..
and of course it would be fun.. ","1 or 2hr daily.. except sunday","I know C++ well.. But I am not very comfortable with java, although I know the basics..
Would it be difficult for me 2 manage..?? If it is, then how do I get comfortable with it??"
"2012/08/29 4:25:30 am GMT","Evan Paul","998095901","evanpaul90@gmail.com","www.facebook.com/evanpauldsouza","2nd year","Web Development & SEO using HTML, CSS, Javascript,JQUERY PHP, MySQL, AJAX","interested in cartooning.. but pencil skill been rusty though
or software development in java........ worked with pinnacle s/w  for video editing before...","gain experience and keep my self busy............ ","6hrs /week","no"
"2012/08/29 7:28:05 am GMT","pranav jandial","9035193818","pranavjandial123@gmail.com","pranav jandial","2nd year","Graphic Designing using Adobe Photoshop, Illustrator, Indesign","","because i  think itz a nice club n would be good for technical support as i m in CS.....","3-4 hrs",""
"2012/08/29 1:29:08 pm GMT","Dhawal Joharapurkar","9035697023","dmjan21@yahoo.com","Dhawal Joharapurkar","2nd year","Software Development in JAVA","","Would like to learn and apply","5",""
"2012/08/29 1:54:22 pm GMT","Sandesh Kini","+919740545801","sandesh1993@gmail.com","http://www.facebook.com/sandesh.kini","2nd year","2D & 3D Animation using Blender, Adobe After Effects, Adobe Flash","","Looking for something creative, something more related to my interests.","21-30 hours/week",""
"2012/08/29 2:49:21 pm GMT","abhishek goyal","9035169644","abhishekgoyal.goyal11@gmail.com","abhishek.goyal.58","2nd year","Marketing, Finance & Publicity","","because i already did volunteering in revels in publicity and vigilance and i think that the experience i gained there can help me a lot to work here ","6-7 hours",""
"2012/08/29 4:07:37 pm GMT","Neha Singh","9035123878","singh.neha.rv@gmail.com","https://www.facebook.com/neha.singh22","2nd year","Web Development & SEO using HTML, CSS, Javascript,JQUERY PHP, MySQL, AJAX","","As a Computer Science and Engineering student I have always been interested in web and graphic designing and Tech Ahoy seems a promising community that will provide me the required platform to do so.","6-7 hours",""
"2012/08/29 4:46:57 pm GMT","Falak Ahmed","8197347317","falakahmed@gmail.com","http://facebook.com/falak.ahmed1","2nd year","Web Development & SEO using HTML, CSS, Javascript,JQUERY PHP, MySQL, AJAX","","I always wanted to learn different languages, even though they are not related to my branch.  As it will give me knowledge about other fields and help in overall development.","6-7 Hours",""
"2012/08/29 8:57:03 pm GMT","T.Saikiran","9591506657","thadishetti.saikiran@gmail.com","saikiran.t55@yahoo.in","2nd year","Graphic Designing using Adobe Photoshop, Illustrator, Indesign","2d animation usingAdobe After Effects","I would like to learn Graphic Designing","8 to 9 hrs",""
"2012/08/30 11:25:31 am GMT","Vineet Javeri","9535682708","vineetjaveri@gmail.com","vineet.javeri","3rd year","Graphic Designing using Adobe Photoshop, Illustrator, Indesign","","I dont like to remain idle...i like to work...and since this is my last year where i can actually participate, i want to utilize all opportunities","4-5 hours",""
"2012/08/30 1:32:46 pm GMT","himesh reddy","9008757573","himmi4@yahoo.com","","2nd year","Web Development & SEO using HTML, CSS, Javascript,JQUERY PHP, MySQL, AJAX","","I want to learn and to improve myself","14hrs",""
"2012/08/30 2:53:47 pm GMT","George Varghese","8884211727","bgv@bnctech.in","bgv93","2nd year","Marketing, Finance & Publicity","","I want to do MBA in marketing after my engineering and Tech Ahoy would be giving me experience in this field.","7",""
"2012/08/30 6:19:04 pm GMT","shashank bhushan","8123901980","shashank.bhushan@gmail.com","shashank.bhushan.908@faceb​ook.com","2nd year","Web Development & SEO using HTML, CSS, Javascript,JQUERY PHP, MySQL, AJAX","","i am in in I&CT branch....soit would definitely help me.","3 to 4 hours",""
"2012/08/31 9:26:35 am GMT","Tejeswini","9538815110","tejeswinisndaram@gmail.com","facebook.com/tejeswini.sundaram","2nd year","Web Development & SEO using HTML, CSS, Javascript,JQUERY PHP, MySQL, AJAX","","Since i think its the only platform where i will be able to learn all i wish to.","7-14 hrs",""
"2012/08/31 12:17:44 pm GMT","Anurag Yalamanchili","74113582777","yalamanchili.anurag28@gmail.com","yalamanchili.anurag28@gmail.com","2nd year","Marketing, Finance & Publicity","","Interested to work in a Startup.","5 hours",""
"2012/08/31 4:07:10 pm GMT","Amit Rajput","9008755053","amitrajputkid@yahoo.com","","2nd year","Software Development in JAVA","","i'm interested in programming using java and want to improve my software development skills..","8 hrs",""
"2012/08/31 4:14:24 pm GMT","mohit jain","9591506320","mohit1234_jain@yahoo.com","mohit1234_jain@yahoo.com","2nd year","Software Development in JAVA","","i m interested in coding and want get command on coding.","4-5 hours",""
"2012/08/31 4:31:08 pm GMT","archit goyal","7483243881","goyalarchit1@gmail.com","https://www.facebook.com/architgyl","2nd year","Web Development & SEO using HTML, CSS, Javascript,JQUERY PHP, MySQL, AJAX","","I have a brief knowledge of PHP with MY SQL and wanted to learn it in a broader way so that i can apply it to do something creative..I see that Tech Ahoy is a very creative initiative that is being taken up by MIT students so that we can be added on to our knowledge.Hope to learn a lot and have a great experience.","6hrs","Great expectations..!!"
"2012/08/31 5:19:31 pm GMT","Pratik P. Lalseta","8123675200","pratik_lalseta@hotmail.com","pratik_lalseta@hotmail.com","2nd year","Web Development & SEO using HTML, CSS, Javascript,JQUERY PHP, MySQL, AJAX","","It is a good way of learning something new under the guidance of senior students and faculty.","6 hours",""
"2012/08/31 5:26:40 pm GMT","Anshu Dad","7829550273","dad.anshul@gmail.com","dad.anshul@gmail.com","2nd year","Web Development & SEO using HTML, CSS, Javascript,JQUERY PHP, MySQL, AJAX","","I am interested in web designing and would like to gain some knowledge about it.","5 hours",""
"2012/08/31 5:32:16 pm GMT","VAIBHAV PANDEY","9008756277","vaibhavpandey1281992@gmail.com","vaibhavpandey1281992@gmail.com","2nd year","Web Development & SEO using HTML, CSS, Javascript,JQUERY PHP, MySQL, AJAX","","to enhance my technical knowledge 
and get more co curricular exposure","5 to 6 ",""
"2012/08/31 6:18:40 pm GMT","Nikhil","9008755816","nikhilgarg72@gmail.com","https://www.facebook.com/dnikt","2nd year","Web Development & SEO using HTML, CSS, Javascript,JQUERY PHP, MySQL, AJAX","","To learn web development..and to work on various projects(for experience)..","4 to 5 hours",""
"2012/08/31 6:47:48 pm GMT","Payal Agarwal","9035112435","payal_agarwal_03@yahoo.in","payal.agarwal.75@fac​ebook.com","2nd year","Graphic Designing using Adobe Photoshop, Illustrator, Indesign","1.  Web Development & SEO using HTML, CSS, Javascript,JQUERY PHP, MySQL, AJAX
                                   AND

2.  Software Development in JAVA



","TO GAIN EXTRA KNOWLEDGE APART FROM OUR REGULAR ACADEMIC COURSE..
I WANT TO GET EXPOSED TO THESE NEW IDEAS ..","12 HOURS","NO,I HAVE ALREADY CLARIFIED MY QUERIES.."
"2012/08/31 9:38:59 pm GMT","Anubhov Sharma","8105006354","anubhovrocks@gmail.com","","2nd year","Software Development in JAVA","Graphic Designing","Gain some experience as well as knowledge of the subjects.","7-8 hours a week.",""
"2012/09/01 9:05:18 am GMT","D.K.Rohith","9035119791","dkrohith93@gmail.com","Dk Rohith Reddy","2nd year","Software Development in JAVA","","I have no prior training in any of the languages other than what I have learnt in first year. I would really like to strengthen myself in the programming field as I hope to pursue it in my higher studies. This gives me a really good opportunity to do that. It would also serve as a really good experience and i would be glad to finally do some work.","4 to 5 hours",""
"2012/09/01 11:28:46 am GMT","Aditya Ashok","+919035196796","aditya.ashok@learner.manipal.edu","adityaashok.india","2nd year","2D & 3D Animation using Blender, Adobe After Effects, Adobe Flash","","Want to learn new things","4 hours",""